Player,NBA_Season,Pos,Age,Tm,G,MP,PER,TS_Perc,3PAr,FTr,ORB_Perc,DRB_Perc,TRB_Perc,AST_Perc,STL_Perc,BLK_Perc,TOV_Perc,USG_Perc,OWS,DWS,WS,WS_per_48,OBPM,DBPM,BPM,VORP,WAR
Steven Adams,2014,C,20,OKC,81,1197,11.2,0.541,0.0,0.735,14.1,17.1,15.6,4.9,1.7,3.9,22.5,11.7,0.9,1.9,2.9,0.114,-2.1,2.4,0.3,0.7,1.89
Giannis Antetokounmpo,2014,SF,19,MIL,77,1897,10.8,0.518,0.282,0.483,4.6,16.3,10.2,12.1,1.7,2.6,19.4,15.0,0.1,1.1,1.2,0.031,-2.5,0.7,-1.8,0.1,0.27
Anthony Bennett,2014,PF,20,CLE,52,663,6.9,0.425,0.23600000000000002,0.307,8.1,18.4,13.1,4.0,1.6,1.0,15.5,20.3,-1.1,0.7,-0.4,-0.027999999999999997,-5.8,-1.5,-7.3,-0.9,-2.43
Lorenzo Brown,2014,PG,23,PHI,26,224,8.2,0.349,0.349,0.151,3.7,10.0,6.8,27.5,2.8,1.1,14.9,20.4,-0.5,0.2,-0.3,-0.068,-5.0,-1.8,-6.8,-0.3,-0.81
Reggie Bullock,2014,SF,22,LAC,43,395,6.7,0.46,0.603,0.07400000000000001,3.2,11.7,7.6,4.3,1.1,0.2,9.4,15.4,-0.2,0.3,0.2,0.019,-2.9,-1.8,-4.7,-0.3,-0.81
Trey Burke,2014,PG,21,UTA,70,2262,12.6,0.473,0.375,0.126,1.8,9.0,5.3,29.4,1.0,0.2,12.2,21.8,1.0,0.0,0.9,0.02,0.5,-3.0,-2.5,-0.3,-0.81
Kentavious Caldwell-Pope,2014,SG,20,DET,80,1583,9.4,0.483,0.402,0.133,2.5,8.6,5.4,5.0,2.4,0.6,5.4,13.9,1.0,0.8,1.8,0.055,-1.2,-0.8,-2.1,0.0,0.0
Isaiah Canaan,2014,PG,22,HOU,22,252,9.5,0.506,0.632,0.33299999999999996,3.3,7.1,5.3,13.2,1.6,1.2,17.4,21.0,0.0,0.2,0.2,0.031,-1.4,-2.1,-3.4,-0.1,-0.27
Michael Carter-Williams,2014,PG,22,PHI,70,2414,15.5,0.48,0.19699999999999998,0.348,4.3,15.6,9.8,30.2,2.6,1.4,16.9,25.7,-0.8,2.1,1.3,0.026000000000000002,-0.6,0.4,-0.2,1.1,2.9700000000000006
Allen Crabbe,2014,SG,21,POR,15,100,7.7,0.475,0.424,0.121,1.1,8.5,4.8,8.7,1.0,0.7,7.9,16.5,0.0,0.1,0.1,0.037000000000000005,-2.7,-2.1,-4.7,-0.1,-0.27
Gorgui Dieng,2014,C,24,MIN,60,818,16.5,0.534,0.004,0.41,13.4,26.9,20.0,7.2,1.8,4.6,16.8,16.8,0.7,1.5,2.2,0.129,-2.4,3.1,0.7,0.5,1.35
Carrick Felix,2014,SG,23,CLE,7,38,13.3,0.603,0.35700000000000004,0.28600000000000003,2.9,15.1,8.9,18.2,0.0,0.0,20.2,23.2,0.0,0.0,0.0,0.057,-1.1,-3.5,-4.7,0.0,0.0
Jamaal Franklin,2014,SG,22,MEM,21,161,4.7,0.489,0.282,0.051,2.9,14.0,8.5,5.4,1.3,1.0,21.6,14.6,-0.2,0.2,0.0,-0.002,-5.1,-0.2,-5.4,-0.1,-0.27
Rudy Gobert,2014,C,21,UTA,45,434,12.9,0.507,0.0,0.878,13.1,28.5,20.6,2.4,1.0,7.4,23.8,14.2,-0.2,0.6,0.4,0.045,-6.1,1.8,-4.3,-0.3,-0.81
Archie Goodwin,2014,SG,19,PHO,52,533,10.3,0.507,0.21600000000000003,0.32899999999999996,5.3,13.0,9.2,5.7,1.9,1.6,18.7,19.4,-0.3,0.5,0.2,0.018000000000000002,-3.9,-0.4,-4.3,-0.3,-0.81
Tim Hardaway,2014,SG,21,NYK,81,1875,12.7,0.5539999999999999,0.521,0.18600000000000003,1.2,6.6,3.8,5.8,1.2,0.3,5.9,19.6,2.7,0.4,3.1,0.08,1.3,-3.5,-2.3,-0.1,-0.27
Solomon Hill,2014,SF,22,IND,28,226,7.6,0.545,0.575,0.175,4.7,15.2,10.2,7.9,1.1,0.7,23.2,11.3,0.0,0.4,0.4,0.08,-3.3,1.0,-2.3,0.0,0.0
Sergey Karasev,2014,SF,20,CLE,22,156,2.3,0.47,0.5429999999999999,0.28600000000000003,0.0,11.8,5.8,5.6,1.0,0.5,21.8,14.4,-0.2,0.1,-0.1,-0.040999999999999995,-5.9,-1.6,-7.5,-0.2,-0.54
Ryan Kelly,2014,PF,22,LAL,59,1312,12.6,0.5479999999999999,0.38299999999999995,0.364,3.4,14.4,8.9,10.7,1.2,2.5,9.8,15.9,1.5,0.7,2.2,0.081,-0.5,0.3,-0.2,0.6,1.62
Shane Larkin,2014,PG,21,DAL,48,489,8.3,0.446,0.27699999999999997,0.182,2.6,7.3,5.0,20.4,2.7,0.2,20.9,17.4,-0.4,0.3,-0.1,-0.01,-3.5,-1.2,-4.7,-0.3,-0.81
Ricky Ledo,2014,SG,21,DAL,11,33,12.7,0.506,0.47100000000000003,0.235,0.0,7.0,3.5,9.5,1.6,0.0,9.6,28.6,0.0,0.0,0.0,0.024,-1.6,-5.6,-7.2,0.0,0.0
Alex Len,2014,C,20,PHO,42,362,7.3,0.469,0.0,0.397,12.1,18.6,15.3,1.6,0.6,3.8,22.1,14.3,-0.2,0.4,0.2,0.024,-5.7,-0.2,-5.9,-0.4,-1.08
Ray McCallum,2014,PG,22,SAC,45,897,9.7,0.439,0.19699999999999998,0.14300000000000002,2.2,7.8,5.0,21.0,1.2,0.8,10.9,17.6,0.0,0.4,0.4,0.02,-2.3,-1.7,-4.1,-0.5,-1.35
CJ McCollum,2014,SG,22,POR,38,476,9.0,0.521,0.449,0.191,1.6,9.2,5.4,8.7,1.5,0.3,15.4,20.9,-0.2,0.3,0.2,0.019,-2.1,-2.0,-4.1,-0.3,-0.81
Ben McLemore,2014,SG,20,SAC,82,2187,7.7,0.485,0.43700000000000006,0.21100000000000002,2.7,9.5,6.1,5.8,1.0,0.7,11.5,16.9,-0.1,0.9,0.8,0.016,-1.8,-1.3,-3.2,-0.6,-1.62
Tony Mitchell,2014,PF,21,DET,21,79,18.1,0.54,0.083,1.5830000000000002,19.7,16.0,18.0,3.4,3.8,3.0,16.4,13.2,0.1,0.1,0.2,0.151,-0.1,1.4,1.3,0.1,0.27
Shabazz Muhammad,2014,SG,21,MIN,37,290,13.1,0.505,0.08900000000000001,0.32299999999999995,8.8,11.2,10.0,3.4,1.4,0.3,10.2,23.1,0.1,0.2,0.3,0.053,-3.1,-3.1,-6.2,-0.3,-0.81
Erik Murphy,2014,C,23,CHI,24,62,0.2,0.231,0.231,0.0,3.7,10.8,7.3,4.9,0.0,5.0,13.3,11.2,-0.2,0.1,-0.1,-0.055,-9.8,1.8,-8.1,-0.1,-0.27
Mike Muscala,2014,PF,22,ATL,20,215,10.8,0.48,0.040999999999999995,0.192,9.2,18.7,14.0,5.2,0.7,3.7,13.2,19.3,-0.1,0.2,0.2,0.04,-5.6,-0.4,-6.0,-0.2,-0.54
Nemanja Nedovic,2014,SG,22,GSW,24,142,-1.7,0.306,0.462,0.205,2.3,9.1,5.8,12.1,0.0,0.5,23.4,17.2,-0.5,0.1,-0.4,-0.132,-8.9,-1.6,-10.6,-0.3,-0.81
Victor Oladipo,2014,PG,21,ORL,80,2487,13.6,0.514,0.24100000000000002,0.34,1.9,13.1,7.5,21.9,2.7,1.2,19.2,24.4,-1.4,2.8,1.3,0.026000000000000002,-1.6,0.8,-0.8,0.8,2.16
Kelly Olynyk,2014,C,22,BOS,70,1400,15.2,0.546,0.22699999999999998,0.243,11.0,18.8,14.8,13.1,1.3,1.5,16.0,21.0,1.5,1.4,2.9,0.10099999999999999,0.3,0.2,0.5,0.9,2.43
Mason Plumlee,2014,C,23,BRK,70,1275,19.0,0.67,0.01,0.6459999999999999,9.3,19.6,14.5,8.1,2.0,3.6,16.6,17.1,3.0,1.7,4.7,0.17600000000000002,0.5,1.9,2.4,1.4,3.78
Otto Porter,2014,SF,20,WAS,37,319,6.0,0.405,0.231,0.132,7.5,13.3,10.4,4.6,1.3,0.3,12.7,15.6,-0.4,0.3,0.0,-0.006,-5.4,-1.4,-6.8,-0.4,-1.08
Glen Rice,2014,SG,23,WAS,11,109,6.6,0.39899999999999997,0.45899999999999996,0.18899999999999997,4.2,17.3,10.6,9.3,2.8,0.8,18.3,20.3,-0.3,0.2,-0.1,-0.043,-5.9,0.0,-5.8,-0.1,-0.27
Andre Roberson,2014,SG,22,OKC,40,399,9.0,0.518,0.191,0.147,10.7,15.6,13.3,5.2,2.4,2.0,20.8,10.1,0.2,0.6,0.8,0.099,-2.2,1.9,-0.3,0.2,0.54
Dennis Schroder,2014,PG,20,ATL,49,641,5.8,0.442,0.223,0.22899999999999998,0.9,9.9,5.4,22.0,1.3,0.0,22.8,19.0,-1.1,0.4,-0.7,-0.054000000000000006,-6.2,-2.1,-8.3,-1.0,-2.7
Peyton Siva,2014,SG,23,DET,24,224,5.7,0.425,0.439,0.263,0.9,6.2,3.4,21.0,2.0,0.4,22.1,15.6,-0.2,0.1,-0.2,-0.032,-4.4,-2.8,-7.3,-0.3,-0.81
Tony Snell,2014,SG,22,CHI,77,1231,8.0,0.489,0.53,0.122,1.8,9.6,5.7,9.1,1.3,0.9,11.1,14.9,-0.1,1.7,1.6,0.063,-2.9,-0.2,-3.0,-0.3,-0.81
Jeff Withey,2014,C,23,NOP,58,684,15.2,0.59,0.008,0.5660000000000001,8.2,17.4,12.7,5.6,1.1,6.1,11.0,12.0,1.2,0.6,1.8,0.128,-1.4,1.7,0.3,0.4,1.08
Nate Wolters,2014,PG,22,MIL,58,1309,12.7,0.486,0.159,0.231,2.8,10.5,6.5,23.3,1.4,0.9,11.7,16.8,0.9,0.2,1.2,0.043,-1.4,-2.1,-3.4,-0.5,-1.35
Cody Zeller,2014,C,21,CHA,82,1416,13.1,0.498,0.002,0.495,9.4,18.8,14.1,10.4,1.5,2.3,15.0,18.9,0.4,2.2,2.6,0.09,-3.2,1.8,-1.3,0.2,0.54
Jordan Adams,2015,SG,20,MEM,30,248,12.8,0.489,0.29100000000000004,0.267,4.2,8.7,6.4,10.1,3.4,2.3,12.7,20.4,0.0,0.4,0.4,0.073,-1.8,1.2,-0.6,0.1,0.27
Kyle Anderson,2015,SF,21,SAS,33,358,8.2,0.389,0.124,0.157,1.6,20.8,11.4,10.9,2.1,1.5,9.5,13.4,-0.3,0.6,0.3,0.044000000000000004,-5.2,2.4,-2.7,-0.1,-0.27
Cameron Bairstow,2015,PF,24,CHI,18,64,2.1,0.309,0.0,0.35700000000000004,10.5,3.3,6.8,2.2,1.6,1.1,15.6,13.5,-0.1,0.0,-0.1,-0.048,-6.7,-1.0,-7.7,-0.1,-0.27
Markel Brown,2015,SG,23,BRK,47,781,9.1,0.45899999999999996,0.305,0.271,2.3,13.0,7.7,7.4,2.1,1.2,10.3,15.3,-0.2,0.7,0.5,0.031,-3.0,0.3,-2.7,-0.1,-0.27
Bruno Caboclo,2015,SF,19,TOR,8,23,-1.8,0.41700000000000004,0.25,0.0,5.0,5.0,5.0,0.0,0.0,3.5,25.0,31.5,-0.1,0.0,-0.1,-0.275,-12.6,-6.3,-18.9,-0.1,-0.27
Clint Capela,2015,C,20,HOU,12,90,12.1,0.409,0.0,0.7929999999999999,12.3,31.8,22.1,3.6,0.6,7.8,11.3,21.3,-0.2,0.2,0.0,0.019,-8.8,1.0,-7.8,-0.1,-0.27
Jordan Clarkson,2015,PG,22,LAL,59,1476,16.9,0.528,0.203,0.265,4.0,10.5,7.1,23.8,1.8,0.7,12.6,23.0,2.0,0.4,2.4,0.078,1.4,-1.7,-0.3,0.6,1.62
Spencer Dinwiddie,2015,PG,21,DET,34,455,10.2,0.39399999999999996,0.385,0.201,0.9,10.9,5.7,34.9,2.2,1.0,15.2,21.1,-0.3,0.4,0.1,0.009000000000000001,-2.6,-1.5,-4.2,-0.2,-0.54
Cleanthony Early,2015,SF,23,NYK,39,647,8.4,0.447,0.39299999999999996,0.22399999999999998,3.8,13.8,8.7,9.1,2.0,1.5,14.5,19.6,-0.8,0.4,-0.4,-0.03,-3.8,-1.3,-5.2,-0.5,-1.35
James Ennis,2015,SF,24,MIA,62,1051,11.5,0.541,0.385,0.381,6.0,14.0,10.1,7.2,1.3,1.4,11.9,14.6,1.2,0.8,1.9,0.08800000000000001,-0.9,-0.6,-1.5,0.1,0.27
Tyler Ennis,2015,PG,20,TOT,33,411,7.3,0.41100000000000003,0.299,0.049,1.9,7.7,4.8,27.3,2.2,1.0,22.2,20.6,-0.8,0.5,-0.3,-0.04,-5.2,-1.5,-6.7,-0.5,-1.35
Dante Exum,2015,PG,19,UTA,82,1817,5.7,0.457,0.635,0.077,1.7,6.6,4.2,16.6,1.2,0.6,21.5,13.8,-1.1,1.0,-0.1,-0.003,-2.6,-1.3,-3.8,-0.8,-2.16
Aaron Gordon,2015,PF,19,ORL,47,797,11.4,0.517,0.231,0.293,6.4,17.8,12.0,6.3,1.3,2.2,13.9,15.5,0.3,0.7,1.0,0.06,-2.8,0.0,-2.8,-0.2,-0.54
Jerami Grant,2015,SF,20,PHI,65,1377,8.7,0.47,0.44299999999999995,0.5479999999999999,3.7,12.3,7.8,9.4,1.5,4.0,16.3,16.5,-0.9,1.4,0.5,0.019,-4.3,1.0,-3.3,-0.5,-1.35
Erick Green,2015,PG,23,DEN,43,410,8.9,0.436,0.29,0.07400000000000001,1.8,6.6,4.1,15.1,1.5,0.0,7.7,19.1,-0.1,0.1,0.0,0.0,-2.7,-2.7,-5.4,-0.3,-0.81
P.J. Hairston,2015,SG,22,CHO,45,687,9.0,0.446,0.606,0.134,3.4,11.5,7.4,5.1,1.6,1.5,7.2,20.4,-0.5,0.8,0.3,0.022000000000000002,-2.2,-1.3,-3.5,-0.3,-0.81
Gary Harris,2015,SG,20,DEN,55,719,4.9,0.395,0.475,0.217,3.0,6.7,4.8,5.9,2.7,0.8,13.8,16.6,-1.2,0.5,-0.7,-0.046,-4.2,-0.1,-4.3,-0.4,-1.08
Joe Harris,2015,SG,23,CLE,51,493,5.6,0.537,0.7,0.125,1.7,7.8,4.8,7.7,0.7,0.3,17.6,14.1,0.0,0.2,0.2,0.018000000000000002,-2.0,-2.5,-4.5,-0.3,-0.81
Rodney Hood,2015,SG,22,UTA,50,1064,12.3,0.529,0.455,0.214,1.0,11.7,6.4,13.2,1.5,0.9,9.9,19.6,1.3,0.9,2.2,0.098,0.2,-1.3,-1.1,0.2,0.54
Cory Jefferson,2015,PF,24,BRK,50,531,13.2,0.48,0.09,0.32299999999999995,10.0,20.6,15.3,4.8,1.0,3.2,9.5,18.1,0.2,0.6,0.8,0.071,-3.3,-0.4,-3.7,-0.2,-0.54
Grant Jerrett,2015,PF,21,TOT,8,51,1.5,0.303,0.5770000000000001,0.038,4.4,15.2,9.9,9.6,2.1,3.1,10.2,25.4,-0.2,0.1,-0.1,-0.128,-6.8,-1.5,-8.4,-0.1,-0.27
Nick Johnson,2015,SG,22,HOU,28,262,4.8,0.43,0.28,0.33299999999999996,5.5,10.9,8.2,6.3,1.3,0.9,18.1,17.4,-0.4,0.2,-0.1,-0.02,-6.1,-1.2,-7.3,-0.3,-0.81
Joffrey Lauvergne,2015,C,23,DEN,24,268,10.5,0.45899999999999996,0.18,0.315,10.5,20.9,15.5,7.5,1.5,2.9,17.8,19.9,-0.2,0.3,0.1,0.012,-4.2,0.7,-3.6,-0.1,-0.27
Zach LaVine,2015,PG,19,MIN,77,1902,11.3,0.515,0.247,0.261,1.6,11.6,6.4,24.0,1.4,0.4,20.4,22.0,-0.7,0.0,-0.7,-0.018000000000000002,-1.7,-2.7,-4.5,-1.2,-3.24
K.J. McDaniels,2015,SG,21,TOT,62,1352,10.6,0.494,0.34600000000000003,0.306,5.0,11.4,8.0,9.3,1.6,4.2,17.6,19.3,-0.9,1.5,0.6,0.02,-3.8,1.1,-2.7,-0.2,-0.54
Doug McDermott,2015,SF,23,CHI,36,321,6.1,0.48,0.38299999999999995,0.14,2.1,12.2,7.3,3.0,0.6,0.2,13.0,18.3,-0.3,0.2,0.0,-0.005,-4.8,-3.3,-8.0,-0.5,-1.35
Mitch McGary,2015,PF,22,OKC,32,485,16.6,0.55,0.012,0.242,11.9,24.4,18.2,4.6,1.7,2.6,14.5,19.0,0.6,0.7,1.3,0.127,-2.3,-0.1,-2.4,-0.1,-0.27
Shabazz Napier,2015,PG,23,MIA,51,1012,9.3,0.517,0.518,0.24600000000000002,2.1,11.2,6.7,19.9,2.1,0.3,24.3,15.5,-0.3,0.8,0.5,0.024,-2.0,-0.6,-2.6,-0.2,-0.54
Nerlens Noel,2015,C,20,PHI,75,2311,15.0,0.493,0.0,0.35200000000000004,8.3,21.0,14.3,9.8,2.9,5.0,16.2,17.0,-0.2,4.2,4.0,0.083,-3.7,4.5,0.8,1.6,4.32
Lucas Nogueira,2015,C,22,TOR,6,23,5.2,0.307,0.0,0.5,10.0,45.1,27.6,6.2,4.5,0.0,17.0,23.1,-0.1,0.1,0.0,-0.071,-11.0,0.7,-10.3,0.0,0.0
Jusuf Nurkic,2015,C,20,DEN,62,1103,14.8,0.483,0.005,0.345,11.8,26.1,18.7,7.3,2.4,4.8,16.3,20.7,-0.2,1.8,1.6,0.069,-3.7,3.1,-0.6,0.4,1.08
Jabari Parker,2015,PF,19,MIL,25,738,14.5,0.527,0.061,0.251,7.8,13.5,10.7,9.5,2.1,0.6,13.9,20.7,0.4,1.0,1.3,0.08800000000000001,-1.4,0.2,-1.2,0.1,0.27
Adreian Payne,2015,PF,23,TOT,32,739,7.7,0.44299999999999995,0.040999999999999995,0.209,7.2,18.2,12.5,6.4,1.3,1.0,15.5,17.0,-0.7,0.2,-0.5,-0.033,-4.6,-1.3,-5.9,-0.7,-1.89
Elfrid Payton,2015,PG,20,ORL,82,2489,13.8,0.456,0.059000000000000004,0.302,4.8,11.2,7.9,32.6,2.9,0.7,20.2,18.3,0.0,2.3,2.3,0.044000000000000004,-1.5,0.8,-0.7,0.8,2.16
Dwight Powell,2015,PF,23,TOT,29,236,13.8,0.552,0.16399999999999998,0.493,8.3,14.9,11.6,5.5,1.9,2.1,11.9,17.5,0.3,0.3,0.6,0.122,-1.0,0.1,-0.9,0.1,0.27
Julius Randle,2015,PF,20,LAL,1,14,-7.5,0.258,0.0,0.667,0.0,0.0,0.0,0.0,0.0,0.0,20.5,15.5,-0.1,0.0,-0.1,-0.276,-12.3,-4.5,-16.8,-0.1,-0.27
Marcus Smart,2015,PG,20,BOS,67,1808,11.0,0.491,0.57,0.266,3.6,9.9,6.7,16.3,2.7,0.8,14.4,15.1,0.7,2.2,2.9,0.077,-0.1,1.3,1.1,1.4,3.78
Russ Smith,2015,PG,23,TOT,12,65,5.2,0.488,0.44,0.52,1.8,8.7,5.3,19.4,2.4,0.0,28.1,30.1,-0.2,0.1,-0.1,-0.094,-5.6,-2.5,-8.0,-0.1,-0.27
Nik Stauskas,2015,SG,21,SAC,73,1127,7.5,0.49200000000000005,0.503,0.21600000000000003,1.1,7.5,4.4,9.0,0.9,1.2,11.0,14.2,0.3,0.2,0.5,0.021,-1.9,-2.0,-3.9,-0.5,-1.35
Jarnell Stokes,2015,PF,21,MEM,19,126,18.6,0.578,0.0,0.757,14.6,16.3,15.4,5.2,2.1,3.3,12.4,20.5,0.3,0.2,0.5,0.18600000000000003,-0.2,0.7,0.5,0.1,0.27
Noah Vonleh,2015,PF,19,CHO,25,259,13.2,0.475,0.171,0.342,11.6,25.3,18.3,2.5,0.8,2.7,11.2,17.3,0.1,0.4,0.5,0.085,-4.8,-0.9,-5.6,-0.2,-0.54
T.J. Warren,2015,SF,21,PHO,40,614,14.0,0.551,0.098,0.08900000000000001,7.3,7.9,7.6,6.6,1.5,1.1,10.8,17.8,0.7,0.4,1.1,0.085,-1.0,-1.1,-2.1,0.0,0.0
Andrew Wiggins,2015,SF,19,MIN,82,2969,13.9,0.517,0.111,0.41,5.0,9.5,7.2,9.8,1.5,1.3,11.7,22.6,2.1,0.0,2.1,0.034,-0.5,-1.8,-2.3,-0.2,-0.54
C.J. Wilcox,2015,SG,24,LAC,21,101,8.5,0.527,0.5,0.053,1.1,6.5,3.9,12.0,1.5,0.8,20.5,21.8,-0.1,0.1,0.0,-0.024,-3.3,-2.7,-6.0,-0.1,-0.27
James Young,2015,SG,19,BOS,31,332,8.5,0.457,0.647,0.284,2.9,11.0,6.9,5.6,1.2,0.5,4.2,15.8,0.1,0.3,0.3,0.047,-1.9,-1.9,-3.8,-0.2,-0.54
Justin Anderson,2016,SF,22,DAL,55,647,12.3,0.522,0.474,0.314,3.1,19.3,11.2,6.8,1.5,3.2,10.8,15.8,0.3,0.8,1.1,0.083,-2.5,1.3,-1.2,0.1,0.27
Thanasis Antetokounmpo,2016,SF,23,NYK,2,6,32.9,0.75,0.25,0.0,0.0,17.9,9.1,0.0,0.0,0.0,0.0,30.2,0.0,0.0,0.0,0.29100000000000004,6.3,-10.5,-4.1,0.0,0.0
Devin Booker,2016,SG,19,PHO,76,2108,11.9,0.535,0.33299999999999996,0.295,1.4,8.4,4.8,15.8,1.0,0.8,14.0,23.0,1.2,0.7,1.9,0.043,-0.6,-2.4,-3.1,-0.6,-1.62
Anthony Brown,2016,SF,23,LAL,29,599,4.9,0.42700000000000005,0.556,0.159,1.6,11.3,6.3,4.8,1.2,0.7,10.0,11.0,-0.4,0.1,-0.3,-0.024,-4.0,-1.1,-5.0,-0.5,-1.35
Willie Cauley-Stein,2016,C,22,SAC,66,1412,15.3,0.588,0.006,0.369,10.3,16.6,13.5,3.8,1.6,3.8,10.5,13.2,2.4,1.4,3.8,0.13,-0.8,1.5,0.7,1.0,2.7
Rakeem Christmas,2016,PF,24,IND,1,6,32.0,1.0,0.0,0.0,18.3,0.0,9.1,0.0,0.0,0.0,0.0,14.7,0.0,0.0,0.0,0.34299999999999997,9.7,-6.6,3.2,0.0,0.0
Pat Connaughton,2016,SG,23,POR,34,143,4.6,0.35200000000000004,0.429,0.102,8.3,15.9,12.1,9.9,0.7,0.0,16.3,18.7,-0.3,0.1,-0.2,-0.076,-5.8,-2.4,-8.2,-0.2,-0.54
Branden Dawson,2016,PF,22,LAC,6,29,7.1,0.46,0.0,0.2,7.6,7.4,7.5,0.0,0.0,2.7,0.0,8.5,0.0,0.0,0.0,0.069,-4.9,-1.7,-6.6,0.0,0.0
Sam Dekker,2016,PF,21,HOU,3,6,10.8,0.0,0.0,0.0,0.0,18.5,9.2,0.0,8.2,0.0,0.0,0.0,0.0,0.0,0.0,0.11599999999999999,-5.3,5.8,0.5,0.0,0.0
Jerian Grant,2016,PG,23,NYK,76,1265,11.2,0.479,0.256,0.315,2.0,10.2,6.2,21.8,2.0,0.6,16.3,19.0,-0.2,1.0,0.8,0.03,-2.3,-1.1,-3.4,-0.5,-1.35
Montrezl Harrell,2016,PF,22,HOU,39,379,14.6,0.635,0.011000000000000001,0.511,7.2,11.7,9.5,7.2,1.4,2.4,13.4,14.5,0.7,0.2,0.9,0.11800000000000001,-1.2,-0.7,-1.9,0.0,0.0
Mario Hezonja,2016,SF,20,ORL,79,1413,9.4,0.541,0.45899999999999996,0.129,2.2,11.8,6.9,11.2,1.4,1.0,18.0,16.9,-0.1,1.0,0.9,0.028999999999999998,-1.9,-0.9,-2.8,-0.3,-0.81
Darrun Hilliard,2016,SG,22,DET,38,383,10.7,0.511,0.382,0.305,1.4,11.9,6.4,10.9,1.2,0.2,11.3,19.1,0.2,0.3,0.5,0.066,-2.0,-1.6,-3.6,-0.2,-0.54
Rondae Hollis-Jefferson,2016,SF,21,BRK,29,615,14.2,0.519,0.10099999999999999,0.377,7.0,21.4,14.1,10.1,3.2,2.1,13.9,13.5,0.5,0.7,1.2,0.094,-1.4,2.6,1.2,0.5,1.35
Richaun Holmes,2016,PF,22,PHI,51,702,15.9,0.564,0.198,0.33299999999999996,9.3,11.7,10.5,8.0,1.3,4.3,11.2,17.9,1.0,0.5,1.5,0.10300000000000001,-1.0,0.0,-0.9,0.2,0.54
Josh Huestis,2016,PF,24,OKC,5,55,6.7,0.509,0.5,0.33299999999999996,4.2,15.0,9.9,0.0,0.9,2.8,17.9,13.0,0.0,0.1,0.0,0.01,-4.9,-2.5,-7.4,-0.1,-0.27
R.J. Hunter,2016,SG,22,BOS,36,315,7.7,0.48,0.643,0.071,0.7,12.0,6.2,5.9,2.2,1.0,9.8,15.1,-0.1,0.4,0.3,0.045,-3.1,-0.4,-3.5,-0.1,-0.27
Damien Inglis,2016,SF,20,MIL,20,156,6.7,0.444,0.35100000000000003,0.21600000000000003,1.5,21.1,11.4,9.0,2.0,1.6,21.4,14.9,-0.2,0.2,-0.1,-0.024,-6.1,-0.3,-6.4,-0.2,-0.54
Stanley Johnson,2016,SF,19,DET,73,1687,8.7,0.46,0.342,0.17,3.6,16.7,9.9,10.8,1.6,0.5,15.0,19.6,-1.3,1.9,0.6,0.018000000000000002,-3.1,0.5,-2.6,-0.2,-0.54
Nikola Jokic,2016,C,20,DEN,80,1733,21.5,0.5820000000000001,0.14,0.317,11.4,24.7,17.9,18.1,2.3,2.3,13.2,19.9,4.5,2.2,6.7,0.185,2.6,2.2,4.8,3.0,8.100000000000001
Tyus Jones,2016,PG,19,MIN,37,573,11.2,0.45,0.34,0.25,1.4,8.0,4.8,27.7,2.7,0.4,16.0,16.1,0.0,0.3,0.3,0.027000000000000003,-1.7,-2.0,-3.7,-0.3,-0.81
Frank Kaminsky,2016,C,22,CHO,81,1708,12.5,0.513,0.385,0.282,4.4,17.2,10.7,9.0,1.1,2.0,8.9,17.1,1.2,2.1,3.3,0.09300000000000001,-1.6,0.4,-1.2,0.3,0.81
Kevon Looney,2016,PF,19,GSW,5,21,18.6,0.643,0.28600000000000003,0.0,21.8,29.1,25.6,0.0,0.0,0.0,12.5,16.5,0.1,0.0,0.1,0.192,-1.2,-8.2,-9.5,0.0,0.0
Trey Lyles,2016,PF,20,UTA,80,1382,11.6,0.517,0.294,0.188,5.0,20.2,12.6,7.1,1.0,1.1,12.1,17.9,0.6,1.7,2.3,0.079,-2.4,-0.4,-2.8,-0.3,-0.81
Jarell Martin,2016,PF,21,MEM,27,380,14.0,0.534,0.017,0.534,11.2,14.7,12.9,6.4,1.1,1.7,11.7,19.2,0.5,0.2,0.8,0.1,-1.6,-1.6,-3.2,-0.1,-0.27
Chris McCullough,2016,PF,20,BRK,24,362,12.2,0.47,0.312,0.21100000000000002,7.6,13.6,10.5,3.7,3.9,2.7,11.2,16.5,-0.1,0.4,0.3,0.043,-2.1,1.1,-1.0,0.1,0.27
Jordan McRae,2016,PG,24,TOT,22,195,14.2,0.5479999999999999,0.282,0.359,2.3,9.2,5.7,20.9,0.7,0.4,14.2,23.9,0.2,0.1,0.4,0.087,-0.9,-3.3,-4.3,-0.1,-0.27
Jordan Mickey,2016,PF,21,BOS,16,57,15.3,0.39799999999999996,0.0,0.455,11.0,13.3,12.1,2.6,0.0,15.1,3.6,20.5,0.0,0.1,0.1,0.068,-7.3,4.1,-3.2,0.0,0.0
Emmanuel Mudiay,2016,PG,19,DEN,68,2068,9.9,0.43700000000000006,0.256,0.231,1.7,10.9,6.2,29.0,1.6,1.4,17.9,25.7,-3.3,1.2,-2.1,-0.049,-3.1,-1.2,-4.3,-1.2,-3.24
Raul Neto,2016,PG,23,UTA,81,1499,10.2,0.53,0.38799999999999996,0.16699999999999998,1.3,8.0,4.7,18.7,2.2,0.1,19.5,17.2,0.2,1.6,1.8,0.057999999999999996,-1.6,-0.7,-2.3,-0.1,-0.27
Jahlil Okafor,2016,C,20,PHI,53,1591,17.1,0.536,0.008,0.248,8.1,17.8,12.8,8.2,0.7,2.9,12.5,27.3,0.3,0.9,1.2,0.037000000000000005,-2.6,-1.5,-4.1,-0.8,-2.16
Kelly Oubre,2016,SF,20,WAS,63,671,8.2,0.507,0.374,0.23199999999999998,4.1,18.4,11.1,2.8,1.6,0.8,12.8,17.4,-0.3,0.7,0.4,0.031,-4.3,-1.6,-5.8,-0.7,-1.89
Lamar Patterson,2016,SG,24,ATL,35,395,5.1,0.46799999999999997,0.613,0.275,1.1,12.4,6.9,13.6,1.1,0.4,20.4,12.8,-0.3,0.5,0.2,0.025,-4.6,-0.3,-4.9,-0.3,-0.81
Cameron Payne,2016,PG,21,OKC,57,698,12.9,0.49,0.39899999999999997,0.086,1.5,11.2,6.6,22.5,2.6,0.7,13.2,20.3,0.6,0.8,1.4,0.09300000000000001,-0.4,-0.9,-1.3,0.1,0.27
Bobby Portis,2016,PF,20,CHI,62,1102,13.8,0.469,0.11900000000000001,0.151,12.0,20.0,16.1,7.5,1.1,1.5,10.4,20.7,0.3,1.3,1.5,0.066,-2.4,-0.9,-3.3,-0.4,-1.08
Kristaps Porzingis,2016,PF,20,NYK,72,2047,17.7,0.518,0.27399999999999997,0.271,7.1,20.7,14.0,7.9,1.3,5.0,10.9,24.6,1.5,2.9,4.4,0.102,-0.8,0.9,0.2,1.1,2.9700000000000006
Norman Powell,2016,SG,22,TOR,49,725,13.3,0.541,0.389,0.231,2.6,14.8,8.8,10.4,2.1,1.1,11.3,17.8,0.7,0.9,1.6,0.105,-0.3,-0.1,-0.4,0.3,0.81
Josh Richardson,2016,SG,22,MIA,52,1107,11.4,0.569,0.423,0.23199999999999998,2.2,8.5,5.5,9.7,1.7,1.7,10.5,13.8,1.3,1.2,2.5,0.109,0.2,0.4,0.6,0.7,1.89
Terry Rozier,2016,PG,21,BOS,39,311,5.0,0.326,0.255,0.094,8.1,13.5,10.8,16.5,0.9,0.3,14.7,17.7,-0.6,0.3,-0.3,-0.047,-5.9,-0.8,-6.6,-0.4,-1.08
D'Angelo Russell,2016,PG,19,LAL,80,2259,13.2,0.507,0.387,0.19899999999999998,2.2,11.2,6.5,21.2,2.1,0.5,15.9,24.1,-0.7,0.7,0.0,0.001,-0.2,-1.7,-1.8,0.1,0.27
Karl-Anthony Towns,2016,C,20,MIN,82,2627,22.5,0.59,0.076,0.239,10.3,27.5,19.0,11.3,1.1,4.3,12.6,24.9,5.5,2.8,8.3,0.151,1.6,1.1,2.8,3.2,8.64
Myles Turner,2016,C,19,IND,60,1367,15.4,0.531,0.026000000000000002,0.228,5.5,21.0,13.3,5.0,0.9,5.1,10.3,20.9,0.8,2.3,3.1,0.109,-3.7,1.4,-2.3,-0.1,-0.27
Rashad Vaughn,2016,SG,19,MIL,70,1001,4.2,0.39799999999999996,0.5529999999999999,0.055999999999999994,1.3,8.7,5.0,5.5,1.5,1.4,9.3,13.5,-1.2,0.4,-0.8,-0.036000000000000004,-4.3,-1.9,-6.1,-1.0,-2.7
Justise Winslow,2016,SF,19,MIA,78,2232,8.4,0.489,0.251,0.253,4.2,15.8,10.2,7.4,1.6,0.9,15.6,12.5,-0.2,2.7,2.5,0.054000000000000006,-2.2,1.6,-0.6,0.8,2.16
Delon Wright,2016,PG,23,TOR,27,229,17.8,0.54,0.163,0.43799999999999994,4.1,14.3,9.3,22.5,1.8,1.1,14.4,22.1,0.3,0.2,0.6,0.124,-0.1,-0.6,-0.7,0.1,0.27
Wade Baldwin,2017,PG,20,MEM,33,405,6.5,0.40399999999999997,0.191,0.322,3.0,10.2,6.5,22.8,2.3,1.7,22.9,19.1,-0.8,0.5,-0.3,-0.040999999999999995,-6.2,0.5,-5.7,-0.4,-1.08
Malik Beasley,2017,SG,20,DEN,22,165,13.7,0.536,0.384,0.13699999999999998,3.4,8.0,5.7,10.2,2.1,0.0,9.4,22.0,0.1,0.1,0.2,0.057,-0.5,-3.5,-3.9,-0.1,-0.27
Dragan Bender,2017,PF,19,PHO,43,574,5.3,0.44,0.627,0.068,4.2,15.6,9.7,5.5,0.8,3.1,16.2,14.4,-0.7,0.3,-0.3,-0.028999999999999998,-4.0,-0.3,-4.3,-0.3,-0.81
Ben Bentil,2017,PF,21,DAL,3,10,-17.6,0.0,0.33299999999999996,0.0,0.0,24.4,11.6,0.0,0.0,0.0,25.0,18.9,-0.1,0.0,-0.1,-0.473,-22.4,-4.5,-26.9,-0.1,-0.27
Joel Bolomboy,2017,PF,23,UTA,12,53,19.7,0.59,0.25,0.375,9.0,27.6,18.5,6.3,1.0,3.1,9.7,18.2,0.1,0.1,0.2,0.171,-1.3,0.5,-0.8,0.0,0.0
Malcolm Brogdon,2017,SG,24,MIL,75,1982,14.9,0.555,0.304,0.198,2.8,9.6,6.3,24.3,2.2,0.5,14.1,18.5,2.6,1.5,4.1,0.1,0.6,-1.1,-0.5,0.8,2.16
Jaylen Brown,2017,SF,20,BOS,78,1341,10.3,0.539,0.319,0.293,3.8,14.4,9.1,7.2,1.3,1.1,12.5,18.1,0.2,1.3,1.5,0.053,-3.1,-0.9,-4.0,-0.7,-1.89
Marquese Chriss,2017,PF,19,PHO,82,1743,12.3,0.529,0.354,0.28600000000000003,5.8,16.1,10.8,5.2,1.8,3.2,13.2,19.7,0.3,1.5,1.8,0.05,-1.6,0.0,-1.6,0.2,0.54
Semaj Christon,2017,PG,24,OKC,64,973,5.7,0.387,0.28300000000000003,0.139,2.2,7.8,4.9,18.1,1.4,0.6,15.4,12.2,-0.7,0.8,0.1,0.006,-5.1,-1.2,-6.3,-1.1,-2.9700000000000006
Deyonta Davis,2017,C,20,MEM,36,238,10.6,0.528,0.0,0.38299999999999995,9.3,19.8,14.4,1.3,0.7,6.8,12.7,12.0,0.1,0.4,0.5,0.09699999999999999,-5.4,1.8,-3.7,-0.1,-0.27
Cheick Diallo,2017,PF,20,NOP,17,199,16.8,0.51,0.0,0.276,12.1,26.7,19.4,3.2,1.0,2.9,7.6,20.5,0.2,0.3,0.5,0.111,-4.6,-1.0,-5.6,-0.2,-0.54
Kris Dunn,2017,PG,22,MIN,78,1333,8.1,0.43200000000000005,0.233,0.188,2.1,12.6,7.3,19.4,3.0,2.3,20.8,14.2,-1.2,1.3,0.1,0.004,-3.7,1.5,-2.2,-0.1,-0.27
Henry Ellenson,2017,PF,20,DET,19,146,7.5,0.444,0.547,0.125,5.8,25.6,15.3,7.2,0.3,0.6,17.2,24.7,-0.4,0.2,-0.2,-0.071,-5.8,-2.4,-8.2,-0.2,-0.54
Joel Embiid,2017,C,22,PHI,31,786,24.1,0.584,0.228,0.569,8.5,25.6,17.0,16.0,1.7,7.7,17.9,36.0,0.5,1.5,1.9,0.11699999999999999,0.0,3.2,3.1,1.0,2.7
Kay Felder,2017,PG,21,CLE,42,386,11.4,0.462,0.139,0.31,0.9,10.5,5.9,22.7,2.3,1.5,14.3,24.2,-0.3,0.4,0.1,0.008,-4.8,-1.2,-6.0,-0.4,-1.08
Michael Gbinije,2017,SG,24,DET,9,32,-2.1,0.184,0.4,0.2,6.6,3.5,5.1,7.9,0.0,0.0,0.0,15.0,-0.1,0.0,-0.1,-0.136,-7.7,-2.8,-10.5,-0.1,-0.27
A.J. Hammons,2017,C,24,DAL,22,163,8.4,0.47200000000000003,0.23800000000000002,0.47600000000000003,5.4,21.0,12.8,3.8,0.3,7.2,16.4,17.6,-0.2,0.2,0.0,-0.001,-7.5,2.0,-5.6,-0.1,-0.27
Andrew Harrison,2017,PG,22,MEM,72,1474,8.7,0.47700000000000004,0.433,0.539,1.7,9.0,5.3,20.0,1.9,1.4,16.0,16.4,0.0,1.5,1.6,0.051,-2.4,0.0,-2.4,-0.2,-0.54
Juan Hernangomez,2017,PF,21,DEN,62,842,13.4,0.5920000000000001,0.504,0.33899999999999997,5.7,18.7,12.3,4.7,1.7,1.1,10.7,14.6,1.2,0.6,1.8,0.10400000000000001,-0.1,-1.2,-1.3,0.1,0.27
Willy Hernangomez,2017,C,22,NYK,72,1324,19.0,0.564,0.032,0.26899999999999996,13.8,27.1,20.4,11.5,1.5,2.2,16.1,20.3,1.8,1.6,3.4,0.12300000000000001,-0.6,0.6,0.0,0.7,1.89
Buddy Hield,2017,SG,23,TOT,82,1888,11.8,0.541,0.494,0.099,2.0,13.5,7.8,10.3,1.0,0.4,11.2,21.3,0.0,1.3,1.3,0.032,-0.9,-1.9,-2.7,-0.4,-1.08
Brandon Ingram,2017,SF,19,LAL,79,2279,8.5,0.474,0.273,0.312,2.8,12.7,7.6,10.5,1.1,1.3,12.9,16.8,-1.0,0.7,-0.3,-0.006999999999999999,-3.1,-0.7,-3.8,-1.1,-2.9700000000000006
Demetrius Jackson,2017,PG,22,BOS,5,17,30.8,0.753,0.25,1.5,13.2,13.0,13.1,28.2,0.0,0.0,0.0,17.3,0.1,0.0,0.1,0.386,9.2,-2.8,6.3,0.0,0.0
Pierre Jackson,2017,PG,25,DAL,8,84,13.0,0.41600000000000004,0.282,0.179,1.3,11.6,6.2,38.0,1.2,0.0,6.7,25.3,0.0,0.1,0.0,0.021,-1.7,-2.7,-4.4,-0.1,-0.27
Brice Johnson,2017,PF,22,LAC,3,9,17.2,0.28600000000000003,0.0,0.0,12.8,24.2,18.6,18.6,11.1,9.1,12.5,39.8,-0.1,0.0,0.0,-0.165,-10.7,12.1,1.3,0.0,0.0
Damian Jones,2017,C,21,GSW,10,85,5.3,0.466,0.0,0.625,12.4,17.0,14.8,0.0,0.6,3.7,22.7,13.4,-0.1,0.1,0.0,0.018000000000000002,-7.5,-2.1,-9.6,-0.2,-0.54
Skal Labissiere,2017,PF,20,SAC,33,612,16.8,0.5770000000000001,0.037000000000000005,0.33899999999999997,9.7,20.7,15.3,7.5,1.3,1.9,12.9,21.3,0.7,0.5,1.3,0.099,-1.7,-0.9,-2.6,-0.1,-0.27
Jake Layman,2017,SF,22,POR,35,249,4.9,0.40399999999999997,0.573,0.191,2.7,8.0,5.3,6.2,1.8,1.0,10.2,19.0,-0.4,0.1,-0.3,-0.054000000000000006,-4.7,-2.7,-7.4,-0.3,-0.81
Caris LeVert,2017,SF,22,BRK,57,1237,12.3,0.556,0.484,0.245,2.0,13.9,8.0,13.7,1.9,0.5,12.3,16.6,0.8,1.0,1.8,0.07,-0.7,-0.4,-1.1,0.3,0.81
Thon Maker,2017,C,19,MIL,57,562,14.0,0.5579999999999999,0.409,0.271,8.4,15.2,11.8,6.2,0.9,4.1,7.7,17.8,0.8,0.5,1.3,0.113,-0.5,-1.0,-1.5,0.1,0.27
Patrick McCaw,2017,SG,21,GSW,71,1074,8.6,0.54,0.502,0.151,2.3,7.6,5.1,9.0,1.4,1.1,12.1,11.9,0.5,1.2,1.7,0.077,-1.6,-0.2,-1.8,0.1,0.27
Dejounte Murray,2017,PG,20,SAS,38,322,9.6,0.503,0.198,0.259,2.2,12.4,7.4,22.6,1.3,1.5,22.7,23.5,-0.4,0.5,0.0,0.004,-4.6,-0.2,-4.8,-0.2,-0.54
Jamal Murray,2017,SG,19,DEN,82,1764,11.9,0.518,0.47100000000000003,0.16399999999999998,2.6,10.7,6.7,14.0,1.4,1.1,12.6,21.6,0.6,0.7,1.3,0.037000000000000005,-0.5,-2.1,-2.6,-0.3,-0.81
Georges Niang,2017,PF,23,IND,23,93,0.1,0.285,0.33299999999999996,0.055999999999999994,2.4,17.9,10.3,7.5,1.6,0.0,11.9,20.2,-0.4,0.1,-0.3,-0.168,-9.9,-2.2,-12.0,-0.2,-0.54
Chinanu Onuaku,2017,C,20,HOU,5,52,12.3,0.799,0.0,0.5710000000000001,4.2,16.8,10.5,7.8,2.8,1.6,31.3,10.4,0.1,0.1,0.1,0.12300000000000001,-2.4,1.8,-0.6,0.0,0.0
Georgios Papagiannis,2017,C,19,SAC,22,355,12.7,0.573,0.02,0.13699999999999998,7.9,20.0,14.0,9.0,0.4,4.4,18.2,16.9,0.1,0.3,0.4,0.057,-3.5,0.8,-2.7,-0.1,-0.27
Jakob Poeltl,2017,C,21,TOR,54,626,12.2,0.589,0.0,0.496,14.1,15.7,14.9,2.7,1.4,2.8,17.2,12.1,0.9,0.7,1.6,0.125,-1.2,0.5,-0.7,0.2,0.54
Malachi Richardson,2017,SG,21,SAC,22,198,9.6,0.517,0.41200000000000003,0.27899999999999997,1.8,11.5,6.7,8.7,1.3,0.5,9.5,19.3,0.0,0.1,0.1,0.027999999999999997,-2.5,-3.0,-5.5,-0.2,-0.54
Domantas Sabonis,2017,PF,20,OKC,81,1632,6.9,0.469,0.331,0.139,3.1,16.4,9.8,7.2,1.2,1.6,14.0,15.4,-1.0,1.8,0.8,0.022000000000000002,-4.7,-0.1,-4.8,-1.2,-3.24
Dario Saric,2017,PF,22,PHI,81,2129,12.8,0.508,0.368,0.237,5.8,20.8,13.3,14.3,1.3,1.1,15.2,24.6,-1.2,2.2,1.0,0.023,-2.0,-0.2,-2.2,-0.1,-0.27
Pascal Siakam,2017,PF,22,TOR,55,859,11.5,0.523,0.034,0.156,8.4,15.9,12.2,2.9,1.5,4.5,13.1,13.1,0.4,1.2,1.6,0.08900000000000001,-3.0,1.9,-1.1,0.2,0.54
Diamond Stone,2017,C,19,LAC,7,24,-1.2,0.33899999999999997,0.0,0.308,4.8,22.7,14.0,0.0,0.0,3.4,11.9,31.3,-0.1,0.0,-0.1,-0.21100000000000002,-17.3,-6.8,-24.1,-0.1,-0.27
Tyler Ulis,2017,PG,21,PHO,61,1123,13.0,0.474,0.18100000000000002,0.162,1.9,7.5,4.6,30.5,2.0,0.4,14.1,20.3,0.3,0.4,0.7,0.028999999999999998,-1.5,-2.5,-4.0,-0.6,-1.62
Denzel Valentine,2017,SG,23,CHI,57,976,7.3,0.49200000000000005,0.722,0.063,1.2,15.6,8.3,9.3,1.5,0.6,14.2,15.4,-0.5,1.1,0.6,0.031,-2.4,-0.3,-2.7,-0.2,-0.54
Isaiah Whitehead,2017,PG,21,BRK,73,1643,7.6,0.48700000000000004,0.293,0.222,2.1,9.7,5.9,17.7,1.2,1.7,20.3,18.2,-1.7,0.9,-0.8,-0.023,-4.3,-0.6,-4.9,-1.2,-3.24
Stephen Zimmerman,2017,C,20,ORL,19,108,7.3,0.34600000000000003,0.0,0.161,10.8,24.9,17.6,5.3,0.9,3.7,8.3,14.8,-0.1,0.1,0.0,-0.005,-7.8,0.4,-7.3,-0.1,-0.27
Paul Zipser,2017,SF,22,CHI,44,843,6.9,0.503,0.44799999999999995,0.18100000000000002,1.9,14.2,8.0,6.1,0.9,1.5,14.4,14.4,-0.3,0.8,0.5,0.03,-3.6,-0.1,-3.7,-0.4,-1.08
Ivica Zubac,2017,C,19,LAL,38,609,17.0,0.547,0.013000000000000001,0.20600000000000002,7.1,21.9,14.3,8.1,1.1,4.4,10.4,20.3,0.6,0.5,1.1,0.086,-2.7,0.3,-2.5,-0.1,-0.27
Bam Adebayo,2018,C,20,MIA,69,1368,15.7,0.57,0.021,0.526,9.7,21.6,15.6,11.0,1.2,2.5,13.6,15.9,2.3,1.9,4.2,0.14800000000000002,-1.6,1.8,0.2,0.8,2.16
Jarrett Allen,2018,C,19,BRK,72,1441,17.5,0.636,0.038,0.37,10.5,18.2,14.3,5.4,0.9,4.6,15.1,16.3,2.7,1.5,4.2,0.141,-1.3,1.4,0.2,0.8,2.16
Kadeem Allen,2018,PG,25,BOS,18,107,2.6,0.366,0.5,0.409,4.1,7.1,5.6,15.2,1.4,1.6,25.7,14.6,-0.2,0.1,-0.1,-0.039,-6.7,0.3,-6.4,-0.1,-0.27
Ike Anigbogu,2018,C,19,IND,11,30,21.6,0.5579999999999999,0.0,0.667,19.0,15.0,16.9,0.0,1.7,8.9,14.7,20.3,0.1,0.0,0.1,0.165,-4.1,-1.2,-5.4,0.0,0.0
OG Anunoby,2018,SF,20,TOR,74,1481,10.0,0.5870000000000001,0.569,0.179,3.4,10.4,7.0,5.0,1.7,0.8,10.8,12.4,1.4,1.6,3.0,0.098,0.2,0.4,0.6,1.0,2.7
Dwayne Bacon,2018,SG,22,CHO,53,713,5.8,0.431,0.22399999999999998,0.13,0.6,18.5,9.4,7.5,1.1,0.2,10.2,13.7,-0.7,0.6,-0.1,-0.006999999999999999,-5.4,-0.3,-5.7,-0.7,-1.89
Lonzo Ball,2018,PG,20,LAL,52,1780,12.5,0.444,0.523,0.126,4.2,17.3,10.8,29.2,2.4,2.0,18.6,17.4,-0.5,2.5,2.0,0.053,-0.8,2.5,1.7,1.7,4.59
Jordan Bell,2018,C,23,GSW,57,809,18.0,0.6409999999999999,0.022000000000000002,0.23800000000000002,8.9,19.0,14.3,16.9,2.1,5.5,20.0,13.9,1.6,1.4,2.9,0.174,0.0,3.7,3.7,1.2,3.24
Jabari Bird,2018,SG,23,BOS,13,115,12.1,0.615,0.26899999999999996,0.5,5.8,12.2,9.0,10.5,1.3,0.7,20.1,15.4,0.1,0.2,0.2,0.098,-2.3,0.1,-2.1,0.0,0.0
Bogdan Bogdanovic,2018,SG,25,SAC,78,2175,13.5,0.556,0.426,0.154,1.6,10.5,5.8,18.3,1.7,0.7,13.2,19.6,1.8,1.1,2.9,0.064,0.5,-1.5,-1.0,0.6,1.62
Tony Bradley,2018,C,20,UTA,9,29,9.5,0.337,0.091,0.182,15.8,27.1,21.5,5.0,0.0,0.0,0.0,18.4,0.0,0.0,0.0,0.033,-6.6,-3.0,-9.6,-0.1,-0.27
Dillon Brooks,2018,SF,22,MEM,82,2350,9.8,0.531,0.342,0.215,2.4,10.5,6.3,9.3,1.6,0.7,12.8,18.5,0.1,1.1,1.2,0.024,-1.8,-1.3,-3.1,-0.7,-1.89
Sterling Brown,2018,SG,22,MIL,54,776,9.1,0.503,0.444,0.11699999999999999,4.1,17.5,10.8,4.5,2.0,1.4,10.4,14.0,0.0,0.7,0.7,0.043,-3.1,-1.0,-4.0,-0.4,-1.08
Thomas Bryant,2018,C,20,LAL,15,72,9.9,0.441,0.47600000000000003,0.429,4.5,20.6,12.6,11.5,0.7,2.3,7.4,15.9,0.0,0.1,0.1,0.05,-3.8,-0.4,-4.2,0.0,0.0
John Collins,2018,PF,20,ATL,74,1785,18.3,0.62,0.086,0.341,11.0,22.8,16.9,8.9,1.3,3.8,14.3,17.9,3.4,2.0,5.4,0.145,-0.2,1.9,1.7,1.7,4.59
Zach Collins,2018,C,20,POR,66,1045,7.5,0.475,0.391,0.145,4.7,18.2,11.5,7.1,0.8,2.4,15.9,15.4,-0.7,1.3,0.6,0.03,-4.1,0.9,-3.2,-0.3,-0.81
Tyler Dorsey,2018,SG,21,ATL,56,974,10.0,0.494,0.521,0.165,2.0,12.9,7.4,12.5,0.9,0.4,8.3,20.0,0.0,0.4,0.4,0.02,-1.8,-2.5,-4.2,-0.5,-1.35
Damyean Dotson,2018,SG,23,NYK,44,474,11.6,0.532,0.42200000000000004,0.14300000000000002,2.1,17.5,9.8,9.5,1.3,0.4,9.0,17.3,0.3,0.3,0.6,0.06,-1.4,-1.7,-3.1,-0.1,-0.27
Jawun Evans,2018,PG,21,LAC,48,778,7.2,0.42100000000000004,0.213,0.19399999999999998,1.3,10.4,5.9,17.8,2.3,0.6,13.8,17.7,-0.8,0.6,-0.2,-0.011000000000000001,-4.2,-0.5,-4.7,-0.5,-1.35
Terrance Ferguson,2018,SG,19,OKC,61,763,7.4,0.545,0.71,0.059000000000000004,2.7,4.2,3.4,3.4,1.6,1.2,6.0,10.4,0.7,0.5,1.2,0.077,-1.2,-1.3,-2.5,-0.1,-0.27
De'Aaron Fox,2018,PG,20,SAC,73,2026,11.2,0.478,0.192,0.245,1.8,10.0,5.7,24.6,1.7,0.9,16.4,23.4,-1.7,1.1,-0.6,-0.013999999999999999,-2.8,-1.5,-4.4,-1.2,-3.24
Markelle Fultz,2018,SG,19,PHI,14,253,12.4,0.41600000000000004,0.009000000000000001,0.18899999999999997,4.9,13.1,9.2,31.3,2.3,1.3,12.4,23.1,-0.2,0.4,0.2,0.043,-3.8,0.8,-3.0,-0.1,-0.27
Daniel Hamilton,2018,SG,22,OKC,6,28,18.2,0.545,0.455,0.0,0.0,20.5,9.9,44.2,1.8,0.0,15.4,19.9,0.1,0.0,0.1,0.16899999999999998,0.8,-2.4,-1.6,0.0,0.0
Josh Hart,2018,SG,22,LAL,63,1461,12.2,0.596,0.525,0.251,3.1,16.0,9.6,7.6,1.5,0.9,10.1,13.5,1.9,1.5,3.4,0.111,-0.3,0.2,-0.1,0.7,1.89
Jonathan Isaac,2018,PF,20,ORL,27,536,9.8,0.465,0.317,0.172,3.3,17.2,10.2,4.8,3.0,4.5,14.8,15.0,-0.6,0.8,0.2,0.021,-4.9,3.1,-1.8,0.0,0.0
Wesley Iwundu,2018,SF,23,ORL,62,1020,7.8,0.48,0.21100000000000002,0.21600000000000003,3.9,11.0,7.4,7.8,1.6,0.9,11.2,11.6,0.0,0.7,0.7,0.032,-3.7,0.2,-3.5,-0.4,-1.08
Josh Jackson,2018,SF,20,PHO,77,1959,11.8,0.48,0.233,0.299,5.1,14.2,9.6,10.1,2.0,1.4,12.2,26.0,-2.0,1.2,-0.7,-0.018000000000000002,-3.1,-1.2,-4.3,-1.1,-2.9700000000000006
Justin Jackson,2018,SF,22,SAC,68,1506,9.2,0.521,0.442,0.086,2.0,12.6,7.1,7.2,0.9,0.8,8.4,14.2,0.4,0.5,1.0,0.031,-2.0,-1.5,-3.5,-0.6,-1.62
Dakari Johnson,2018,C,22,OKC,31,161,16.4,0.575,0.0,0.513,10.7,12.8,11.7,7.2,1.8,4.5,5.9,13.5,0.4,0.2,0.6,0.17800000000000002,-0.9,1.2,0.3,0.1,0.27
Luke Kennard,2018,SG,21,DET,73,1463,12.1,0.56,0.419,0.163,1.6,11.9,6.6,12.7,1.5,0.8,12.2,17.2,1.1,1.4,2.6,0.085,-1.1,-0.4,-1.5,0.2,0.54
Furkan Korkmaz,2018,SG,20,PHI,14,80,3.4,0.386,0.607,0.14300000000000002,2.8,11.7,7.4,6.7,1.2,1.0,6.3,16.9,-0.1,0.1,0.0,-0.006,-5.0,-1.8,-6.9,-0.1,-0.27
Kyle Kuzma,2018,PF,22,LAL,77,2401,14.2,0.5489999999999999,0.418,0.2,3.9,17.4,10.7,9.1,1.0,1.1,11.0,22.5,1.5,2.3,3.8,0.077,-0.3,-1.0,-1.3,0.4,1.08
T.J. Leaf,2018,PF,20,IND,53,459,10.7,0.545,0.309,0.11800000000000001,7.2,13.0,10.1,2.8,0.5,0.8,6.5,14.9,0.5,0.3,0.8,0.08199999999999999,-1.9,-2.9,-4.8,-0.3,-0.81
Tyler Lydon,2018,PF,21,DEN,1,2,0.0,0.0,0.0,0.0,0.0,0.0,0.0,0.0,0.0,0.0,0.0,0.0,0.0,0.0,0.0,-0.013999999999999999,-5.7,-0.8,-6.5,0.0,0.0
Lauri Markkanen,2018,PF,20,CHI,68,2020,15.6,0.552,0.465,0.193,4.0,23.7,13.5,6.4,0.9,1.8,8.2,21.9,1.7,1.6,3.3,0.079,-0.6,-1.3,-1.9,0.1,0.27
Frank Mason,2018,PG,23,SAC,52,984,13.0,0.48,0.226,0.303,3.3,12.1,7.5,22.7,1.7,1.0,13.1,22.6,0.0,0.6,0.5,0.027000000000000003,-2.0,-1.4,-3.4,-0.4,-1.08
Donovan Mitchell,2018,SG,21,UTA,79,2638,16.7,0.541,0.40399999999999997,0.218,2.3,10.4,6.4,19.4,2.2,0.9,12.6,29.1,1.4,3.8,5.2,0.095,1.3,-0.2,1.1,2.1,5.670000000000001
Malik Monk,2018,SG,19,CHO,63,854,10.3,0.47700000000000004,0.5720000000000001,0.08900000000000001,1.0,7.5,4.2,16.9,1.1,0.9,9.8,24.9,-0.5,0.5,0.0,0.001,-1.0,-3.4,-4.4,-0.5,-1.35
Monte Morris,2018,PG,22,DEN,3,25,27.1,0.727,0.16699999999999998,0.33299999999999996,0.0,9.0,4.5,41.2,5.9,0.0,12.7,13.7,0.1,0.0,0.2,0.312,3.6,-1.6,2.0,0.0,0.0
Abdel Nader,2018,SF,24,BOS,48,522,5.1,0.439,0.436,0.262,2.8,12.0,7.4,7.1,1.4,1.6,17.0,17.1,-0.9,0.8,-0.1,-0.013999999999999999,-5.9,0.3,-5.6,-0.5,-1.35
Frank Ntilikina,2018,PG,19,NYK,78,1706,7.0,0.43700000000000006,0.314,0.136,2.4,9.1,5.8,20.0,1.9,0.9,19.8,16.9,-2.0,1.1,-0.9,-0.026000000000000002,-3.5,-0.5,-3.9,-0.8,-2.16
Semi Ojeleye,2018,PF,23,BOS,73,1150,4.6,0.473,0.665,0.218,3.6,11.6,7.7,2.4,0.9,0.3,10.8,9.0,-0.2,1.3,1.2,0.048,-3.6,0.1,-3.5,-0.4,-1.08
Cedi Osman,2018,SF,22,CLE,61,672,11.0,0.5770000000000001,0.46799999999999997,0.247,3.2,16.6,10.0,8.7,1.6,0.4,13.4,15.7,0.5,0.4,0.9,0.064,-1.4,-1.5,-2.9,-0.2,-0.54
Marcus Paige,2018,PG,24,CHO,5,28,9.1,0.40299999999999997,0.5710000000000001,0.14300000000000002,0.0,15.7,7.7,16.1,0.0,0.0,0.0,23.0,0.0,0.0,0.0,-0.006,-2.4,-4.4,-6.9,0.0,0.0
Justin Patton,2018,C,20,MIN,1,4,19.8,0.5,0.0,0.0,0.0,0.0,0.0,0.0,12.5,0.0,0.0,22.1,0.0,0.0,0.0,0.151,-0.7,4.0,3.3,0.0,0.0
Alec Peters,2018,PF,22,PHO,20,225,10.7,0.523,0.784,0.135,3.7,14.0,8.8,7.9,0.4,0.7,4.9,15.5,0.2,0.0,0.3,0.055,-0.2,-3.1,-3.3,-0.1,-0.27
Zhou Qi,2018,C,22,HOU,18,124,1.9,0.295,0.594,0.375,5.5,14.4,10.0,2.1,0.8,9.6,21.2,16.8,-0.5,0.2,-0.3,-0.10400000000000001,-10.3,3.1,-7.2,-0.2,-0.54
Ivan Rabb,2018,PF,20,MEM,36,516,16.6,0.599,0.0,0.237,11.6,24.1,17.7,10.4,1.2,2.4,17.3,17.7,0.7,0.5,1.2,0.109,-1.7,0.3,-1.5,0.1,0.27
Davon Reed,2018,SG,22,PHO,21,242,4.8,0.38799999999999996,0.5,0.158,0.9,16.6,8.6,7.6,2.0,0.7,11.0,16.0,-0.5,0.2,-0.3,-0.059000000000000004,-5.8,-1.0,-6.7,-0.3,-0.81
Ben Simmons,2018,PG,21,PHI,81,2732,20.0,0.557,0.011000000000000001,0.342,5.9,19.5,13.0,37.4,2.5,2.1,19.5,22.3,4.2,5.0,9.2,0.162,1.0,3.6,4.6,4.6,12.42
Dennis Smith,2018,PG,20,DAL,69,2049,12.8,0.473,0.331,0.188,2.6,11.8,7.0,29.5,1.7,0.8,15.0,28.9,-2.4,1.7,-0.7,-0.017,-1.5,-0.7,-2.3,-0.1,-0.27
Edmond Sumner,2018,PG,22,IND,1,2,39.8,1.0,0.0,0.0,0.0,56.1,28.2,0.0,0.0,0.0,0.0,22.3,0.0,0.0,0.0,0.425,4.6,-9.9,-5.3,0.0,0.0
Caleb Swanigan,2018,PF,20,POR,27,189,7.5,0.449,0.133,0.3,8.7,22.3,15.6,10.8,1.3,1.3,20.9,20.0,-0.3,0.3,0.0,-0.003,-6.0,0.6,-5.4,-0.2,-0.54
Jayson Tatum,2018,SF,19,BOS,80,2438,15.3,0.586,0.29,0.309,2.3,15.6,9.0,8.3,1.7,2.0,10.7,19.5,3.0,4.0,7.1,0.139,-0.5,1.5,1.0,1.8,4.86
Sindarius Thornwell,2018,SG,23,LAC,73,1156,8.2,0.519,0.262,0.37799999999999995,3.2,10.0,6.7,7.8,2.0,1.8,16.3,12.1,0.1,0.9,1.0,0.040999999999999995,-2.6,1.0,-1.6,0.1,0.27
Tyrone Wallace,2018,PG,23,LAC,30,851,10.1,0.517,0.162,0.316,2.7,10.7,6.8,11.8,1.5,1.3,14.1,16.6,0.2,0.5,0.7,0.042,-2.1,0.2,-2.0,0.0,0.0
Derrick White,2018,PG,23,SAS,17,139,15.9,0.6459999999999999,0.39399999999999996,0.606,4.0,16.9,10.4,9.3,1.5,1.8,12.6,15.4,0.3,0.2,0.5,0.17,0.0,0.5,0.5,0.1,0.27
D.J. Wilson,2018,PF,21,MIL,22,71,10.3,0.622,0.313,0.125,3.3,13.2,8.3,6.1,2.1,1.2,19.2,13.3,0.0,0.1,0.1,0.054000000000000006,-2.9,-1.2,-4.1,0.0,0.0
Guerschon Yabusele,2018,PF,22,BOS,33,235,12.3,0.5589999999999999,0.607,0.361,8.0,16.1,12.1,10.0,0.9,1.8,14.5,15.7,0.3,0.3,0.6,0.122,-1.0,0.2,-0.7,0.1,0.27
Ante Zizic,2018,C,21,CLE,32,214,24.2,0.746,0.0,0.433,12.8,18.6,15.7,3.8,0.5,5.2,12.1,18.8,0.9,0.2,1.0,0.231,1.3,-1.2,0.1,0.1,0.27
